prompt,response
hello,xin chào bạn
hello,xin chào bạn
hello,xin chào bạn
hello,xin chào bạn
hello,xin chào bạn
hello,xin chào bạn
hello,xin chào bạn
hello,xin chào bạn
hello,xin chào bạn
hello,xin chào bạn
hello,xin chào bạn
hello,xin chào bạn
hello,xin chào bạn
hello,xin chào bạn
hello,xin chào bạn
hello,xin chào bạn
hello,xin chào bạn
hello,xin chào bạn
hello,xin chào bạn
hello,xin chào bạn
hello,xin chào bạn
hello,xin chào bạn
hello,xin chào bạn
hello,xin chào bạn
hello,xin chào bạn
hello,xin chào bạn
hello,xin chào bạn
hello,xin chào bạn
hello,xin chào bạn
hello,xin chào bạn
hello,xin chào bạn
hello,xin chào bạn
hello,xin chào bạn
hello,xin chào bạn
hello,xin chào bạn
hello,xin chào bạn
hello,xin chào bạn
hello,xin chào bạn
hello,xin chào bạn
hello,xin chào bạn
hello,xin chào bạn
hello,xin chào bạn
hello,xin chào bạn
hello,xin chào bạn
hello,xin chào bạn
hello,xin chào bạn
hello,xin chào bạn
hello,xin chào bạn
hello,xin chào bạn
hello,xin chào bạn
hello,xin chào bạn
hello,xin chào bạn
hello,xin chào bạn
hello,xin chào bạn
hello,xin chào bạn
hello,xin chào bạn
hello,xin chào bạn
hello,xin chào bạn
hello,xin chào bạn
hello,xin chào bạn
hello,xin chào bạn
hello,xin chào bạn
hello,xin chào bạn
hello,xin chào bạn
hello,xin chào bạn
hello,xin chào bạn
hello,xin chào bạn
hello,xin chào bạn
hello,xin chào bạn
hello,xin chào bạn
hello,xin chào bạn
hello,xin chào bạn
hello,xin chào bạn
hello,xin chào bạn
hello,xin chào bạn
hello,xin chào bạn
hello,xin chào bạn
hello,xin chào bạn
hello,xin chào bạn
hello,xin chào bạn
hello,xin chào bạn
hello,xin chào bạn
hello,xin chào bạn
hello,xin chào bạn
hello,xin chào bạn
hello,xin chào bạn
hello,xin chào bạn
hello,xin chào bạn
hello,xin chào bạn
hello,xin chào bạn
hello,xin chào bạn
hello,xin chào bạn
hello,xin chào bạn
hello,xin chào bạn
hello,xin chào bạn
hello,xin chào bạn
hello,xin chào bạn
hello,xin chào bạn
hello,xin chào bạn
hello,xin chào bạn
